Milliseconds,Weight (grams)
12,-1.153638
23,-0.4178532
35,0.2906805
46,0.05450259
57,0.2906805
69,1.080968
80,0.3906019
92,0.1362565
103,0.5904448
115,0.6631149
126,0.3451831
137,-0.06358636
149,-0.09083766
160,-0.2997643
172,-0.5268584
183,0.5450259
195,1.017382
206,0.890209
217,1.099136
229,-0.154424
240,-0.9810467
252,-0.8811253
263,-1.280811
275,-1.044633
286,-0.6086123
297,-0.09992142
309,0.3451831
320,0.2180104
332,-0.8084551
343,-0.3542669
355,-0.6267798
366,-0.4451045
378,0.4360208
389,0.8175389
400,0.2089266
412,-0.69945
423,0.1453403
435,0.4178532
446,-0.4905233
458,-0.7812038
516,-1.453403
526,-0.5268584
538,-0.4905233
549,-1.208141
560,-0.6449473
572,0.3724344
583,-0.1453403
595,-0.09992142
606,0.08175388
618,-0.426937
673,-1.25356
675,-0.890209
686,-1.426151
698,-0.7812038
709,-0.3451831
720,-0.154424
732,0.1725916
743,-0.4814395
755,-1.180889
766,-1.199057
816,-0.9901304
823,-0.3270155
835,0.7539526
846,-0.4360208
858,-1.289895
869,-1.062801
881,-1.080968
892,-0.3542669
903,0.463272
915,-0.2543454
965,-1.171806
972,-0.9447116
983,-1.144554
995,-1.362565
1006,-1.389816
1018,-0.77212
1029,-0.4541883
1041,-0.5177746
1052,-1.126387
1063,-0.6086123
1221,-1.035549
1223,-1.571491
1235,-0.8720415
1246,0.1725916
1258,0.4905233
1269,-0.154424
1281,0.3542669
1292,0.7176175
1303,0.7630363
1315,-0.01816753
1367,-1.108219
1372,-0.7448688
1384,-0.581361
1395,-1.308062
1406,-0.9174603
1418,-0.1453403
1429,-0.3542669
1441,-0.9719629
1452,-0.6812824
1464,-1.498821
1521,-1.199057
1532,-0.5995286
1544,-0.4814395
1555,-0.2543454
1566,-0.7176175
1578,-0.7902876
1589,-0.8629578
1601,-1.126387
1612,-1.444319
1624,-1.653245
1682,-0.308848
1692,-0.9992143
1711,-0.9174603
1715,-1.54424
1726,-2.125601
1738,-1.725915
1749,-0.9265441
1761,-0.6812824
1772,-0.7448688
1784,-0.9992143
1841,-0.6631149
1852,-0.5086909
1864,0.09992142
1875,-0.6631149
1887,-1.017382
1898,-1.008298
1909,-1.080968
1921,-1.017382
1932,-0.3996857
1944,-0.2089266
2000,-1.199057
2001,-1.153638
2012,-1.3989
2024,-1.3989
2035,-0.6267798
2047,-0.3633506
2058,-0.308848
2069,-0.9537953
2081,-1.189973
2092,-0.9810467
2150,-0.6086123
2161,-1.3989
2172,-1.180889
2184,-0.3179318
2195,0.1362565
2207,-0.1271727
2218,-0.272513
2230,-1.035549
2241,-0.8266227
2252,-1.017382
2308,-1.989345
2310,-1.389816
2321,-1.798586
2333,-2.261858
2344,-0.77212
2355,-1.553324
2367,-2.080182
2378,-1.934842
2390,-1.635078
2401,-0.4905233
2459,-1.344397
2470,-1.498821
2481,-1.535156
2492,-1.417067
2504,-0.9083766
2515,-1.317146
2527,-0.7902876
2538,-0.5268584
2550,-0.7085337
2561,-1.889423
2619,-0.2543454
2630,0.1180889
2641,-0.7085337
2652,-1.099136
2664,-1.008298
2675,-1.571491
2687,-2.134685
2698,-1.335314
2710,-0.77212
2721,-0.8266227
2780,-0.890209
2790,-0.0272513
2801,0.2815967
2813,-0.1907591
2824,-0.5631934
2835,-0.581361
2847,-0.1816753
2858,-0.463272
2870,-0.8175389
2881,-1.053717
2947,-0.5631934
2950,-0.7902876
2965,-1.971177
2973,-1.498821
2984,-1.25356
2995,-1.035549
3007,-0.8629578
3018,-0.735785
3030,-1.153638
3041,-1.362565
3103,0.04541883
3110,-2.080182
3121,-2.343611
3133,-0.9447116
3144,-1.571491
3156,-2.116517
3167,-1.507905
3178,-0.8720415
3190,-1.180889
3201,-0.7539526
3375,-0.1180889
3384,-0.9447116
3396,-2.043847
3407,-1.962093
3419,-1.61691
3430,-1.744083
3441,-0.9356278
3453,-0.581361
3464,-0.2180104
3476,-0.6358636
3541,-1.017382
3544,-1.417067
3556,-0.4723558
3567,-1.32623
3578,-0.890209
3590,-0.9447116
3601,-0.5631934
3613,-0.6812824
3624,-0.5541097
3636,0.4451045
3701,-1.498821
3704,-1.980261
3716,-1.825837
3727,-0.3724344
3739,-0.426937
3750,-0.7902876
3761,-1.853088
3773,-2.216439
3784,-1.507905
3796,-0.8447903
3863,-1.271727
3864,-1.189973
3876,-0.7085337
3887,-0.1998428
3899,-0.9083766
3910,-0.8992928
3921,-1.280811
3933,-0.77212
3944,0.09992142
3956,-0.3542669
4023,-2.052931
4025,-0.6812824
4036,-0.5631934
4047,-0.463272
4059,-0.4451045
4070,-1.871256
4082,-1.889423
4093,-0.7176175
4104,-0.9810467
4116,-0.9719629
4188,-1.099136
4196,-1.644162
4207,-1.317146
4219,-0.426937
4230,-1.171806
4242,-1.099136
4253,-0.6631149
4264,-1.407984
4276,-1.417067
4287,-1.189973
4355,-0.9447116
4356,-0.890209
4367,-0.4541883
4379,-1.117303
4394,-1.871256
4402,-1.653245
4413,-1.208141
4424,-1.844004
4436,-2.561622
4447,-1.153638
4561,-1.144554
4573,-1.162722
4585,-1.798586
4596,-1.871256
4607,-1.716832
4619,-0.9628791
4630,-0.272513
4642,-0.8811253
4653,-0.7085337
4665,-0.5177746
4717,-2.779632
4722,-1.798586
4733,-0.6086123
4745,-0.4087695
4756,-1.825837
4767,-1.516989
4779,-1.189973
4790,-2.125601
4802,-1.54424
4813,-2.134685
4861,-1.834921
4870,-1.68958
4882,-0.9174603
4893,-0.6903662
4905,-1.008298
4916,-2.107434
4927,-0.8357064
4939,0.1907591
4950,-1.171806
4962,-1.607826
5009,-1.435235
5019,-1.180889
5030,-0.4905233
5045,-1.171806
5053,-1.807669
5065,-1.962093
5076,-1.289895
5087,-0.5359422
5099,-0.3360993
5110,-1.907591
5158,-0.8175389
5168,-1.035549
5179,-0.6449473
5190,-1.380732
5202,-1.389816
5213,-0.8720415
5225,-1.044633
5236,-0.2089266
5248,-0.5450259
5259,-0.6812824
5307,-2.116517
5316,-1.971177
5328,-0.7993713
5339,-0.154424
5350,-1.317146
5362,-1.426151
5373,-1.589659
5385,-0.7267013
5396,-1.090052
5408,-1.017382
5574,-2.261858
5579,-1.153638
5590,-0.8357064
5602,-1.108219
5613,-1.071884
5625,-1.126387
5636,-1.516989
5648,-0.9083766
5659,-0.6086123
5670,-1.180889
5720,-0.5904448
5728,-1.308062
5739,-1.153638
5750,-1.489738
5762,-1.88034
5773,-2.588873
5785,-2.643376
5796,-1.462486
5808,-1.053717
5819,-1.217225
5867,-1.644162
5876,-1.789502
5888,-1.971177
5899,-1.526073
5911,-0.7902876
5922,-1.008298
5933,-0.7176175
5945,-1.199057
5956,-1.462486
5968,-1.680497
6018,-0.5995286
6025,-0.5995286
6036,-1.271727
6048,-1.271727
6059,-1.135471
6071,-1.580575
6082,-1.507905
6093,-2.062015
6105,-1.635078
6116,-0.8266227
6175,-1.971177
6185,-1.907591
6196,-1.208141
6208,-0.6358636
6219,-0.8266227
6231,-1.25356
6242,-0.7267013
6254,-1.117303
6265,-0.6267798
6276,-0.9265441
6333,-0.9628791
6334,-0.3270155
6345,-1.407984
6356,-1.625994
6368,-1.280811
6379,-0.08175388
6391,-0.5086909
6402,-1.725915
6414,-0.8447903
6425,-0.853874
6482,-1.607826
6494,-0.8992928
6505,-0.3906019
6516,-1.435235
6528,-1.435235
6539,-1.199057
6551,-1.271727
6562,-2.452617
6574,-1.789502
6585,-0.8266227
6643,-1.25356
6654,-1.371649
6665,-0.9992143
6676,-1.099136
6688,-0.3179318
6699,-0.463272
6711,-0.9719629
6722,-1.32623
6734,-1.526073
6745,-1.598743
6802,-0.9447116
6814,-0.8811253
6825,-1.671413
6837,-1.407984
6848,-2.543454
6859,-2.825051
6871,-2.016596
6882,-0.463272
6894,-1.044633
6905,-1.816753
6962,-1.353481
6974,-1.217225
6985,-1.335314
6997,-1.871256
7008,-3.324658
7019,-2.634292
7031,-1.744083
7042,-1.898507
7054,-2.052931
7065,-0.09992142
7123,-1.762251
7134,-1.934842
7145,-1.389816
7157,-1.144554
7168,-0.3633506
7179,-0.7630363
7191,-0.8811253
7202,-1.562408
7214,-1.153638
7225,-1.271727
7287,-1.980261
7294,-2.280025
7305,-1.844004
7317,-1.453403
7328,-0.1090052
7340,-0.8992928
7351,-1.598743
7362,-1.308062
7374,-1.162722
7385,-1.725915
7445,0.1907591
7454,-0.9992143
7465,-1.489738
7477,-1.662329
7488,-1.925758
7500,-0.9083766
7511,-0.735785
7522,-1.271727
7534,-1.289895
7547,-1.435235
7720,-2.434449
7728,-1.135471
7740,-1.153638
7751,-1.889423
7762,-1.644162
7774,-1.871256
7785,-2.552538
7797,-2.107434
7808,-1.789502
7820,-1.962093
7880,-1.362565
7888,-2.307276
7900,-1.035549
7911,-0.6540311
7923,-0.9356278
7934,-0.9265441
7945,-1.61691
7957,-2.216439
7968,-1.135471
7980,-1.335314
8041,-1.671413
8048,-1.235392
8060,-0.5359422
8071,-0.3542669
8083,-1.017382
8094,-1.32623
8105,-0.426937
8117,-0.2997643
8128,-0.5904448
8140,-0.6903662
8200,-2.307276
8208,-1.998428
8220,-1.625994
8231,-1.680497
8243,-1.226308
8254,-1.898507
8265,-2.38903
8277,-2.052931
8294,-0.69945
8300,-1.453403
8364,-1.644162
8368,-1.380732
8380,-0.8629578
8391,-1.026466
8403,-1.907591
8414,-1.417067
8426,-2.043847
8437,-2.416282
8448,-2.234606
8460,-1.32623
8525,-2.616124
8528,-1.925758
8540,-1.426151
8551,-1.417067
8563,-1.389816
8574,-0.9992143
8586,-1.171806
8597,-1.353481
8608,-1.407984
8620,-2.080182
8684,-2.4617
8689,-2.806884
8700,-2.216439
8711,-1.090052
8723,-1.444319
8734,-1.635078
8746,-2.189188
8757,-2.289109
8768,-2.289109
8780,-1.898507
8887,-1.671413
8894,-0.9356278
8906,-0.3815182
8917,-1.008298
8929,-0.5904448
8940,-0.5086909
8951,-2.134685
8963,-3.742512
8974,-2.434449
8989,-2.479868
9035,-1.47157
9043,-2.02568
9054,-1.844004
9066,-0.617696
9077,-0.8175389
9089,-1.226308
9100,-1.553324
9111,-2.089266
9123,-0.69945
9134,-0.5631934
9181,-2.325444
9191,-2.443533
9203,-2.379946
9214,-1.426151
9226,-1.780418
9237,-1.95301
9249,-1.535156
9260,-0.77212
9271,-1.217225
9283,-1.444319
9332,-2.452617
9340,-1.344397
9351,-1.389816
9363,-1.417067
9374,-1.244476
9386,-1.208141
9397,-0.890209
9409,-1.526073
9420,-2.116517
9432,-1.54424
9482,-2.152853
9489,-2.007512
9500,-2.298193
9512,-2.034764
9523,-1.962093
9534,-2.189188
9546,-2.897721
9557,-1.68958
9572,-1.344397
9580,-1.807669
9630,-2.280025
9637,-2.443533
9649,-2.080182
9660,-1.753167
9672,-0.69945
9683,-0.8811253
9694,-1.135471
9706,-0.8447903
9717,-1.235392
9729,-2.198271
9890,-1.453403
9900,-0.9537953
9912,-0.9992143
9923,-1.989345
9934,-1.68958
9946,-1.053717
9957,-1.589659
9969,-1.716832
9980,-2.09835
9992,-1.289895
10042,-2.307276
10049,-1.871256
10060,-2.252774
10072,-1.571491
10083,-1.862172
10095,-1.54424
10106,-2.425365
10117,-1.762251
10129,-1.662329
10140,-2.252774
10195,-1.825837
10197,-2.234606
10209,-2.189188
10220,-0.4360208
10232,-1.226308
10243,-1.371649
10255,-0.9810467
10266,-1.934842
10281,-2.616124
10289,-1.625994
10339,-1.535156
10346,-0.9174603
10357,-2.416282
10369,-1.61691
10380,-1.771334
10392,-1.771334
10403,-1.580575
10415,-2.743297
10426,-3.024894
10437,-1.798586
10489,-2.043847
10495,-1.862172
10506,-2.607041
10517,-2.843219
10529,-1.362565
10540,-1.435235
10552,-0.9810467
10563,-1.108219
10575,-1.32623
10586,-1.535156
10640,-2.398114
10643,-2.062015
10655,-2.470784
10666,-1.862172
10677,-1.208141
10689,-1.462486
10700,-1.844004
10712,-1.453403
10723,-2.034764
10735,-2.207355
10786,-1.480654
10792,-1.653245
10803,-2.370863
10815,-2.052931
10826,-1.635078
10838,-1.95301
10849,-2.661543
10860,-1.680497
10879,-1.371649
10883,-0.7902876
10937,-2.516203
10940,-2.234606
10952,-1.998428
10963,-2.688795
10975,-2.825051
10986,-2.588873
10998,-1.235392
11009,-1.244476
11020,-2.570706
11032,-1.480654
11087,-2.325444
11089,-1.489738
11100,-1.407984
11112,-2.152853
11123,-2.307276
11135,-1.144554
11146,-1.371649
11158,-1.943926
11169,-2.143769
11180,-2.343611
11242,-2.915889
11249,-1.962093
11260,-2.071099
11272,-1.88034
11283,-1.417067
11295,-2.198271
11306,-1.716832
11318,-0.9719629
11329,-1.108219
11340,-1.88034
11396,-1.526073
11398,-1.853088
11409,-1.298978
11421,-1.289895
11432,-1.199057
11443,-1.435235
11455,-1.653245
11466,-1.435235
11478,-1.108219
11489,-1.25356
11557,-1.734999
11558,-1.925758
11569,-2.062015
11581,-1.844004
11592,-1.680497
11603,-1.371649
11615,-1.462486
11626,-2.307276
11638,-1.834921
11649,-2.734213
11709,-2.289109
11718,-1.862172
11729,-1.553324
11741,-2.034764
11752,-2.062015
11763,-2.09835
11775,-2.180104
11786,-1.789502
11798,-1.943926
11809,-2.588873
11980,-0.4996071
11992,-2.062015
12004,-1.507905
12015,-0.154424
12026,-1.144554
12038,-1.871256
12049,-1.226308
12061,-1.489738
12072,-2.425365
12084,-2.370863
12146,-2.234606
12152,-2.607041
12164,-2.225523
12175,-2.443533
12186,-1.834921
12198,-2.407198
12209,-2.116517
12221,-1.825837
12232,-1.998428
12244,-1.625994
12307,-1.480654
12312,-2.952224
12324,-1.789502
12335,-1.008298
12346,-2.180104
12358,-2.125601
12369,-1.117303
12381,-1.044633
12392,-2.516203
12404,-2.516203
12466,-1.971177
12472,-1.162722
12484,-0.7176175
12495,-1.180889
12506,-2.198271
12518,-1.889423
12529,-2.225523
12541,-2.034764
12552,-1.88034
12564,-1.943926
12630,-2.043847
12632,-1.753167
12644,-1.026466
12655,-1.208141
12666,-1.816753
12678,-1.535156
12689,-1.244476
12701,-1.716832
12712,-1.54424
12724,-2.071099
12788,-1.816753
12792,-1.971177
12804,-1.925758
12815,-2.007512
12826,-1.553324
12838,-1.453403
12849,-2.125601
12861,-1.244476
12872,-1.044633
12891,-1.180889
12956,-0.3451831
12964,-0.9810467
12975,-2.434449
12987,-1.526073
12998,-1.998428
13009,-1.671413
13021,-0.9174603
13032,-2.252774
13044,-2.616124
13055,-1.989345
13159,-2.152853
13169,-2.24369
13181,-1.298978
13192,-1.317146
13204,-1.280811
13215,-1.571491
13227,-0.8629578
13238,-1.871256
13249,-1.580575
13261,-0.2361779
13307,-1.598743
13318,-2.143769
13329,-1.262643
13341,-1.380732
13352,-1.980261
13364,-1.489738
13375,-1.516989
13387,-1.907591
13398,-1.771334
13409,-1.589659
13459,-1.407984
13467,-1.25356
13478,-1.308062
13489,-1.962093
13501,-1.844004
13512,-2.507119
13524,-2.379946
13535,-2.289109
13547,-1.553324
13558,-0.9083766
13603,-1.017382
13615,-0.8629578
13627,-1.217225
13638,-2.207355
13649,-1.344397
13661,-1.208141
13672,-0.9356278
13684,-0.2997643
13695,-0.9992143
13707,-1.734999
13756,-2.38903
13764,-3.206569
13775,-1.516989
13787,-0.3633506
13798,-0.6903662
13809,-1.635078
13821,-2.207355
13832,-1.862172
13844,-2.370863
13855,-3.142983
13903,-1.916675
13912,-2.952224
13924,-2.879554
13935,-1.526073
13947,-2.207355
13958,-3.01581
13969,-2.425365
13981,-1.080968
13992,-1.199057
14004,-1.317146
14168,-1.47157
14175,-1.32623
14187,-2.334528
14198,-1.853088
14209,-2.234606
14221,-1.862172
14232,-1.208141
14244,-1.280811
14255,-0.1816753
14267,-0.9901304
14319,-2.370863
14324,-1.862172
14335,-1.980261
14347,-1.162722
14358,-1.480654
14369,-1.289895
14381,-2.080182
14392,-0.8447903
14404,-0.5541097
14415,-2.152853
14468,-1.189973
14472,-1.353481
14484,-2.398114
14495,-1.780418
14507,-2.280025
14518,-1.644162
14529,-1.380732
14541,-1.298978
14552,-1.208141
14564,-1.889423
14618,-2.24369
14621,-2.116517
14632,-1.153638
14644,-1.762251
14655,-1.898507
14667,-1.925758
14678,-1.716832
14689,-1.807669
14701,-2.334528
14712,-2.988559
14766,-2.016596
14770,-2.307276
14781,-1.707748
14792,-1.480654
14804,-1.308062
14815,-1.280811
14827,-1.298978
14838,-2.016596
14850,-1.535156
14861,-1.308062
14914,-1.871256
14918,-2.343611
14930,-1.889423
14941,-2.152853
14952,-2.379946
14964,-2.307276
14975,-2.906805
14987,-2.970391
14998,-2.716046
15009,-1.771334
15062,-1.298978
15067,-1.162722
15078,-0.890209
15090,-1.725915
15101,-2.352695
15112,-1.834921
15124,-1.88034
15135,-2.743297
15147,-2.752381
15158,-2.425365
15215,-2819.592
15227,-2.706962
15238,-2.979475
15250,-2.94314
15261,-1.725915
15272,-1.716832
15284,-1.916675
15295,-1.825837
15307,-2.643376
15318,-1.834921
15376,-1.380732
15387,-2.588873
15398,-3.052145
15409,-1.417067
15421,-1.47157
15432,-2.052931
15444,-2.062015
15460,-1.716832
15467,-2.815967
15478,-3.01581
15537,-1.489738
15547,-1.662329
15558,-1.998428
15569,-2.7978
15581,-2.979475
15592,-2.234606
15604,-1.453403
15615,-1.625994
15627,-1.653245
15638,-1.526073
15696,-2.888638
15707,-1.226308
15718,-1.862172
15730,-1.971177
15741,-2.107434
15752,-2.452617
15764,-2.17102
15775,-1.998428
15787,-1.943926
15798,-2.779632
15854,-2.24369
15855,-2.924973
15867,-2.706962
15878,-2.325444
15890,-2.289109
15901,-1.771334
15912,-1.95301
15924,-1.980261
15935,-2.052931
15947,-2.788716
16006,-2.298193
16015,-2.597957
16027,-1.54424
16038,-1.090052
16050,-2.134685
16061,-1.753167
16072,-1.162722
16084,-1.962093
16095,-2.052931
16107,-1.371649
16278,-3.524501
16290,-1.925758
16301,-1.244476
16312,-1.3989
16324,-1.435235
16335,-0.5086909
16347,-1.671413
16358,-2.543454
16370,-1.798586
16381,-2.016596
16445,-1.380732
16450,-1.090052
16461,-1.444319
16473,-1.789502
16484,-2.307276
16495,-2.788716
16507,-2.016596
16518,-1.426151
16530,-2.38903
16541,-1.780418
16604,-1.426151
16610,-1.535156
16621,-1.907591
16633,-2.879554
16644,-1.61691
16655,-0.6267798
16667,-1.644162
16678,-2.452617
16690,-2.915889
16701,-2.31636
16762,-2.934056
16770,-2.261858
16781,-1.825837
16793,-1.535156
16804,-2.616124
16815,-2.407198
16832,-2.625208
16838,-2.579789
16850,-2.216439
16861,-2.579789
16924,-0.853874
16930,-1.126387
16941,-2.734213
16953,-2.289109
16964,-1.090052
16975,-1.071884
16987,-2.488952
16998,-2.561622
17010,-2.24369
17021,-2.189188
17085,-3.006727
17090,-2.379946
17101,-2.080182
17113,-2.343611
17124,-2.071099
17135,-2.134685
17147,-1.962093
17158,-1.898507
17170,-2.161936
17181,-1.980261
17247,-2.007512
17250,-2.071099
17261,-1.135471
17273,-1.989345
17284,-2.343611
17296,-2.716046
17307,-2.062015
17318,-2.198271
17330,-1.925758
17341,-1.280811
17453,-1.553324
17456,-1.526073
17467,-1.380732
17478,-1.834921
17490,-2.24369
17501,-1.662329
17513,-2.125601
17530,-1.807669
17536,-1.3989
17547,-1.653245
17602,-2.161936
17604,-3.288323
17616,-2.062015
17627,-0.9083766
17638,-1.898507
17650,-2.298193
17661,-1.834921
17673,-1.744083
17684,-1.153638
17696,-2.143769
17746,-3.23382
17753,-2.398114
17764,-1.180889
17776,-2.152853
17787,-2.815967
17798,-2.152853
17810,-2.17102
17821,-2.216439
17833,-2.034764
17844,-1.68958
17896,-2.034764
17901,-1.489738
17913,-1.980261
17924,-1.816753
17936,-1.671413
17947,-1.108219
17959,-1.934842
17970,-2.416282
17981,-1.971177
17993,-1.589659
18041,-3.524501
18050,-2.843219
18061,-2.398114
18073,-2.661543
18084,-2.788716
18096,-2.280025
18107,-2.234606
18119,-1.653245
18130,-1.417067
18141,-1.289895
18197,-2.861386
18199,-3.64259
18210,-3.197485
18221,-2.570706
18233,-2.470784
18244,-2.325444
18256,-2.334528
18267,-1.853088
18279,-2.161936
18290,-2.24369
18461,-2.398114
18473,-2.016596
18484,-2.189188
18496,-1.798586
18507,-1.571491
18519,-1.171806
18530,-1.435235
18541,-1.68958
18553,-1.208141
18564,-1.644162
18618,-3.242904
18622,-2.661543
18633,-2.17102
18644,-2.643376
18656,-1.589659
18667,-1.744083
18679,-1.916675
18690,-1.798586
18702,-1.644162
18713,-1.571491
18767,-2.643376
18770,-2.234606
18781,-1.153638
18793,-2.043847
18804,-2.716046
18816,-2.080182
18827,-1.780418
18839,-1.916675
18854,-1.553324
18862,-2.407198
18915,-1.989345
18919,-1.916675
18930,-1.680497
18942,-1.417067
18953,-2.107434
18964,-2.343611
18976,-2.298193
18987,-1.571491
18999,-1.707748
19010,-1.698664
19066,-1.916675
19067,-1.080968
19079,-1.426151
19090,-2.189188
19102,-2.879554
19113,-2.952224
19124,-2.906805
19136,-2.270941
19147,-1.335314
19159,-0.9719629
19223,-1.780418
19227,-1.589659
19239,-1.371649
19250,-1.3989
19262,-1.725915
19273,-2.270941
19284,-1.771334
19296,-2.152853
19307,-2.888638
19319,-2.062015
19375,-3.351909
19387,-2.443533
19399,-1.780418
19410,-1.589659
19422,-2.016596
19433,-1.907591
19444,-1.871256
19456,-2.198271
19467,-1.834921
19479,-2.225523
19537,-1.625994
19547,-1.862172
19559,-2.416282
19570,-1.780418
19582,-2.298193
19593,-2.216439
19605,-1.371649
19616,-2.189188
19627,-2.298193
19639,-2.525287
19698,-2.888638
19707,-3.006727
19719,-2.94314
19730,-2.915889
19742,-2.407198
19753,-1.88034
19764,-1.789502
19776,-1.516989
19787,-1.489738
19799,-1.88034
19860,-2.4617
19867,-1.734999
19879,-2.270941
19890,-2.370863
19902,-2.043847
19913,-1.88034
19925,-1.762251
19936,-1.644162
19947,-2.661543
19959,-2.4617
20020,-1.943926
20027,-1.189973
20039,-1.725915
20050,-2.479868
20062,-3.397328
20073,-2.561622
20085,-2.879554
20096,-2.879554
20107,-2.280025
20119,-1.607826
20181,-0.8084551
20187,-2.289109
20199,-2.770549
20210,-2.334528
20222,-1.825837
20233,-1.943926
20245,-2.834135
20256,-1.825837
20267,-2.434449
20279,-1.844004
20342,-1.762251
20347,-2.225523
20359,-2.24369
20370,-1.816753
20382,-2.289109
20393,-3.179318
20405,-2.416282
20416,-2.470784
20427,-2.970391
20439,-2.443533
20610,-2.498035
20622,-2.152853
20633,-1.480654
20645,-2.234606
20656,-2.407198
20668,-2.125601
20679,-1.925758
20690,-1.371649
20702,-1.344397
20713,-1.444319
20776,-1.916675
20782,-2.02568
20793,-2.034764
20805,-1.516989
20816,-1.653245
20827,-2.516203
20839,-3.033978
20858,-3.133899
20862,-2.261858
20873,-2.134685
20936,-2.280025
20942,-1.580575
20953,-2.089266
20965,-2.289109
20976,-2.09835
20988,-1.862172
20999,-1.68958
21010,-1.798586
21022,-2.280025
21033,-2.634292
21096,-1.680497
21102,-1.889423
21113,-2.534371
21125,-1.962093
21136,-1.980261
21148,-2.579789
21159,-2.625208
21170,-1.916675
21182,-2.234606
21193,-2.24369
21254,-2.697878
21262,-1.871256
21273,-2.634292
21285,-2.452617
21296,-1.744083
21308,-2.398114
21319,-2.234606
21330,-2.706962
21342,-2.661543
21353,-1.862172
21417,-2.261858
21422,-2.234606
21433,-1.871256
21445,-2.843219
21456,-1.88034
21468,-2.17102
21479,-2.352695
21490,-2.180104
21502,-2.289109
21513,-2.161936
21578,-2.779632
21582,-2.425365
21593,-1.862172
21605,-2.679711
21616,-2.407198
21628,-2.062015
21639,-1.871256
21651,-1.68958
21662,-2.988559
21673,-3.451831
21777,-1.598743
21788,-1.635078
21799,-2.38903
21811,-2.425365
21822,-2.915889
21833,-2.852302
21845,-2.407198
21856,-2.225523
21868,-3.188402
21879,-2.879554
21926,-3.460915
21936,-3.279239
21948,-2.697878
21959,-2.207355
21971,-2.697878
21982,-2.788716
21993,-1.971177
22005,-1.834921
22016,-2.679711
22028,-2.425365
22078,-2.470784
22085,-1.907591
22096,-1.871256
22108,-2.270941
22119,-2.643376
22131,-1.3989
22142,-1.135471
22158,-1.807669
22165,-2.479868
22176,-3.206569
22221,-2.761465
22233,-2.779632
22245,-3.924187
22256,-2.770549
22268,-2.180104
22279,-2.697878
22291,-3.061229
22302,-2.970391
22313,-1.871256
22325,-2.7978
22371,-1.789502
22382,-1.943926
22393,-2.17102
22405,-2.370863
22416,-1.54424
22428,-1.135471
22439,-1.934842
22451,-2.143769
22462,-2.688795
22473,-2.616124
22523,-3.351909
22531,-3.606255
22542,-2.806884
22553,-0.9992143
22565,-1.716832
22576,-2.961308
22588,-2.815967
22599,-2.080182
22611,-2.180104
22622,-3.333742
22785,-3.270156
22794,-2.65246
22805,-1.644162
22816,-1.47157
22828,-2.234606
22839,-1.925758
22851,-1.698664
22862,-1.88034
22874,-3.279239
22885,-2.634292
22940,-3.124815
22942,-3.061229
22954,-2.65246
22965,-2.334528
22976,-1.95301
22988,-2.234606
22999,-2.370863
23011,-2.252774
23022,-1.671413
23034,-1.762251
23083,-2.470784
23091,-2.879554
23102,-3.251988
23114,-3.070313
23125,-1.444319
23136,-2.207355
23148,-3.397328
23159,-2.815967
23171,-1.507905
23182,-1.489738
23234,-0.8084551
23239,-2.588873
23251,-2.979475
23262,-2.116517
23274,-1.780418
23285,-2.143769
23296,-2.452617
23308,-1.644162
23319,-2.152853
23331,-2.788716
23384,-2.352695
23388,-1.789502
23399,-1.653245
23411,-0.9992143
23422,-1.753167
23434,-2.716046
23453,-2.207355
23457,-1.934842
23468,-1.971177
23479,-1.535156
23532,-2.924973
23536,-2.770549
23548,-2.706962
23559,-2.161936
23571,-2.234606
23582,-1.95301
23594,-1.417067
23605,-1.61691
23617,-1.535156
23628,-1.825837
23684,-2.852302
23697,-2.280025
23708,-1.426151
23719,-1.54424
23731,-3.079396
23742,-4.033192
23754,-2.161936
23765,-1.335314
23777,-2.252774
23788,-1.762251
23843,-2.280025
23845,-2.834135
23857,-2.834135
23868,-2.834135
23879,-2.298193
23891,-2.579789
23902,-2.743297
23914,-3.279239
23925,-2.325444
23937,-1.516989
23994,-1.262643
24005,-1.753167
24017,-2.089266
24028,-1.789502
24039,-2.24369
24051,-3.152067
24066,-2.334528
24074,-1.671413
24085,-1.526073
24097,-1.889423
24155,-2.370863
24165,-2.815967
24177,-2.052931
24188,-1.498821
24199,-2.270941
24211,-2.625208
24222,-2.743297
24234,-2.788716
24245,-3.024894
24257,-1.834921
24320,-3.033978
24325,-2.543454
24337,-1.844004
24348,-0.8447903
24360,-1.344397
24371,-1.834921
24382,-1.662329
24394,-2.307276
24405,-1.816753
24417,-1.943926
24476,-2.189188
24485,-2.252774
24497,-2.062015
24508,-2.770549
24520,-3.01581
24531,-2.570706
24542,-1.480654
24554,-1.526073
24565,-1.235392
24577,-1.344397
24637,-4.214867
24645,-3.279239
24657,-3.206569
24668,-2.407198
24680,-2.116517
24691,-2.334528
24702,-2.289109
24714,-2.034764
24725,-2.152853
24737,-2.72513
24913,-3.42458
24920,-2.270941
24931,-1.834921
24942,-2.134685
24954,-1.862172
24965,-2.334528
24977,-2.307276
24988,-2.307276
25000,-2.597957
25011,-2.634292
25077,-1.262643
25080,-1.816753
25091,-2.861386
25103,-2.343611
25114,-1.61691
25125,-1.798586
25137,-0.8447903
25148,-2.334528
25160,-2.398114
25171,-1.308062
25237,-2.716046
25240,-2.770549
25251,-2.09835
25263,-1.853088
25274,-1.662329
25285,-2.016596
25297,-2.080182
25308,-2.852302
25320,-2.779632
25331,-2.261858
25393,-2.679711
25400,-2.225523
25411,-2.071099
25423,-1.653245
25434,-1.317146
25445,-1.589659
25462,-1.862172
25468,-2.325444
25480,-2.31636
25491,-2.034764
25555,-2.452617
25560,-1.844004
25571,-2.416282
25583,-1.834921
25594,-1.61691
25605,-2.806884
25617,-2.307276
25628,-2.361779
25640,-3.488166
25651,-1.762251
25719,-1.653245
25731,-1.707748
25743,-1.907591
25754,-2.924973
25765,-1.462486
25777,-0.4905233
25788,-2.370863
25800,-2.561622
25811,-2.234606
25823,-2.661543
25929,-1.135471
25937,-2.298193
25948,-2.343611
25960,-2.180104
25971,-2.062015
25983,-2.915889
25994,-2.570706
26005,-1.916675
26017,-1.734999
26028,-1.762251
26072,-2.679711
26074,-3.170234
26086,-2.180104
26097,-1.798586
26108,-3.043061
26120,-2.198271
26136,-2.143769
26143,-1.426151
26154,-1.535156
26166,-2.561622
26210,-2.052931
26223,-3.061229
26234,-1.798586
26246,-1.117303
26257,-2.825051
26268,-2.261858
26280,-2.216439
26291,-2.770549
26303,-3.106648
26314,-2.280025
26362,-1.580575
26371,-1.662329
26383,-1.834921
26394,-2.643376
26406,-2.815967
26417,-1.707748
26428,-1.971177
26440,-2.289109
26451,-2.252774
26463,-2.516203
26511,-1.971177
26520,-1.898507
26531,-1.380732
26543,-2.052931
26554,-2.043847
26566,-2.65246
26577,-2.24369
26589,-0.9537953
26600,-2.38903
26611,-2.770549
26661,-2.207355
26669,-2.934056
26680,-2.961308
26691,-2.470784
26703,-2.134685
26717,-2.38903
26726,-2.507119
26737,-3.033978
26749,-2.825051
26760,-1.662329
26807,-3.043061
26817,-2.470784
26829,-2.043847
26840,-1.698664
26851,-1.462486
26863,-0.9356278
26874,-1.989345
26886,-2.198271
26897,-2.189188
26909,-1.943926
27075,-3.270156
27080,-1.635078
27091,-1.54424
27103,-2.934056
27114,-2.634292
27126,-1.95301
27137,-2.607041
27149,-2.470784
27160,-3.142983
27171,-3.188402
27226,-2.888638
27229,-2.661543
27240,-1.753167
27251,-0.890209
27263,-1.526073
27274,-1.95301
27286,-2.398114
27297,-2.507119
27309,-2.325444
27320,-2.189188
27377,-3.079396
27389,-2.7978
27400,-2.470784
27412,-1.943926
27423,-2.02568
27434,-1.871256
27446,-1.635078
27457,-2.507119
27469,-2.225523
27480,-0.9537953
27532,-2.470784
27537,-1.725915
27549,-1.635078
27560,-2.143769
27572,-2.697878
27583,-1.998428
27594,-1.916675
27606,-2.007512
27617,-1.3989
27629,-1.998428
27685,-1.889423
27697,-1.189973
27709,-1.671413
27720,-1.289895
27732,-0.2906805
27743,-1.480654
27754,-2.17102
27766,-1.507905
27777,-2.198271
27789,-2.062015
27840,-3.197485
27846,-3.097564
27857,-2.934056
27869,-1.707748
27880,-2.007512
27892,-2.65246
27903,-3.01581
27914,-2.570706
27926,-2.24369
27937,-1.271727
28000,-1.435235
28006,-2.02568
28017,-1.943926
28029,-2.398114
28045,-2.94314
28052,-3.797014
28063,-3.597171
28075,-2.897721
28086,-2.125601
28097,-1.825837
28157,-1.925758
28166,-1.88034
28177,-2.552538
28189,-2.052931
28200,-1.162722
28212,-1.344397
28223,-1.226308
28235,-1.762251
28246,-2.516203
28257,-2.770549
28313,-2.034764
28315,-2.706962
28326,-1.943926
28337,-2.216439
28349,-2.65246
28360,-2.607041
28372,-3.315574
28383,-2.507119
28395,-1.88034
28406,-2.325444
28467,-2.198271
28475,-2.597957
28486,-3.479082
28497,-2.561622
28509,-2.107434
28520,-1.980261
28532,-2.270941
28543,-2.261858
28555,-2.352695
28566,-2.597957
28624,-2.143769
28635,-1.407984
28646,-1.3989
28657,-2.207355
28672,-2.770549
28680,-2.516203
28692,-2.225523
28703,-2.107434
28715,-2.934056
28726,-2.906805
28783,-2.252774
28795,-2.034764
28806,-2.080182
28818,-2.143769
28829,-2.298193
28840,-1.925758
28852,-1.971177
28863,-2.815967
28875,-2.488952
28886,-2.634292
28945,-2.062015
28955,-2.152853
28966,-2.370863
28978,-1.816753
28989,-1.825837
29000,-2.788716
29012,-3.306491
29023,-1.807669
29035,-0.8811253
29046,-1.871256
29217,-2.979475
29229,-3.070313
29240,-2.289109
29252,-2.016596
29263,-2.325444
29275,-1.535156
29286,-0.9356278
29298,-0.7812038
29309,-1.47157
29320,-2.334528
29389,-2.815967
29400,-3.778847
29417,-2.834135
29423,-2.252774
29435,-2.407198
29446,-1.925758
29458,-0.3542669
29469,-1.871256
29480,-3.01581
29492,-3.651674
29557,-2.670627
29560,-2.016596
29572,-1.980261
29583,-2.507119
29595,-2.161936
29606,-2.107434
29618,-2.852302
29629,-3.033978
29640,-3.251988
29652,-2.979475
29716,-3.778847
29721,-2.879554
29732,-2.843219
29743,-1.853088
29755,-1.889423
29766,-2.343611
29778,-1.407984
29789,-1.925758
29800,-2.834135
29812,-2.198271
29884,-1.916675
29892,-2.089266
29903,-3.451831
29915,-2.888638
29926,-2.080182
29938,-2.952224
29949,-2.570706
29960,-2.625208
29972,-2.052931
29983,-1.371649
30053,-1.607826
30063,-1.916675
30080,-2.825051
30086,-3.960522
30098,-2.761465
30109,-2.207355
30121,-1.353481
30132,-1.344397
30143,-1.698664
30155,-1.907591
30258,-3.043061
30269,-2.479868
30281,-1.698664
30292,-2.189188
30303,-2.24369
30315,-1.862172
30326,-1.199057
30338,-2.143769
30349,-2.561622
30361,-2.071099
30405,-2.525287
30406,-1.489738
30418,-2.425365
30429,-2.688795
30441,-2.561622
30452,-2.879554
30463,-2.979475
30475,-1.998428
30486,-1.317146
30498,-2.352695
30543,-1.498821
30555,-2.716046
30566,-1.489738
30578,-2.09835
30589,-2.116517
30601,-2.661543
30612,-3.288323
30623,-3.660758
30635,-3.124815
30646,-3.406412
30696,-2.734213
30703,-3.024894
30715,-3.351909
30726,-3.324658
30738,-3.179318
30749,-2.906805
30761,-2.924973
30772,-3.588087
30783,-2.852302
30795,-2.579789
30845,-2.915889
30852,-3.606255
30863,-2.852302
30875,-2.234606
30886,-3.333742
30898,-2.906805
30909,-1.834921
30921,-1.308062
30932,-0.7539526
30943,-1.980261
30995,-2.806884
31001,-2.470784
31012,-2.407198
31023,-1.753167
31035,-1.180889
31046,-2.434449
31058,-2.09835
31069,-1.507905
31081,-2.007512
31092,-2.416282
31146,-2.479868
31149,-2.24369
31161,-2.398114
31172,-2.488952
31183,-1.862172
31195,-1.853088
31206,-3.070313
31218,-3.106648
31229,-3.024894
31241,-2.825051
31403,-3.097564
31412,-2.31636
31424,-2.207355
31435,-2.743297
31446,-2.261858
31458,-1.562408
31469,-1.798586
31481,-1.744083
31492,-1.934842
31504,-2.888638
31562,-1.789502
31572,-2.906805
31584,-2.87047
31595,-2.007512
31606,-2.697878
31618,-2.643376
31629,-3.415496
31641,-3.769763
31652,-3.806098
31664,-2.470784
31717,-3.388245
31721,-3.469998
31732,-2.307276
31744,-2.379946
31755,-2.815967
31766,-2.607041
31778,-2.434449
31789,-2.679711
31801,-2.779632
31812,-2.016596
31868,-1.317146
31869,-2.934056
31881,-3.097564
31892,-2.525287
31904,-2.416282
31915,-2.65246
31926,-2.143769
31938,-2.307276
31949,-2.834135
31961,-2.625208
32012,-2.479868
32018,-2.443533
32035,-3.551752
32041,-3.179318
32052,-3.251988
32064,-2.706962
32075,-2.125601
32087,-1.853088
32098,-0.9810467
32109,-1.516989
32165,-4.296621
32166,-3.324658
32178,-1.925758
32189,-1.925758
32201,-2.189188
32212,-1.507905
32224,-1.889423
32235,-2.452617
32246,-2.915889
32258,-2.534371
32312,-3.415496
32315,-3.379161
32327,-2.125601
32338,-2.071099
32349,-2.516203
32361,-2.543454
32372,-2.24369
32384,-1.807669
32395,-2.289109
32407,-2.915889
32464,-3.533585
32475,-2.161936
32487,-1.871256
32498,-2.225523
32509,-2.407198
32521,-1.244476
32532,-1.971177
32544,-2.498035
32555,-2.38903
32567,-3.142983
32624,-1.507905
32635,-1.625994
32651,-2.697878
32658,-2.979475
32669,-2.416282
32681,-2.416282
32692,-3.215653
32704,-2.65246
32715,-3.170234
32727,-1.916675
32788,-2.062015
32795,-1.498821
32807,-1.498821
32818,-2.062015
32829,-2.216439
32841,-0.7630363
32852,-0.9447116
32864,-2.434449
32875,-2.597957
32887,-2.189188
32947,-3.106648
32955,-2.997643
32967,-1.244476
32978,-1.289895
32989,-1.171806
33001,-2.370863
33012,-3.115731
33024,-2.634292
33035,-2.507119
33047,-2.679711
33107,-3.624423
33115,-1.916675
33127,-1.789502
33138,-3.08848
33150,-2.879554
33161,-2.24369
33172,-2.634292
33184,-2.280025
33195,-1.907591
33207,-2.434449
33272,-2.861386
33275,-2.525287
33290,-2.289109
33298,-2.207355
33310,-2.788716
33321,-3.524501
33332,-2.806884
33344,-2.743297
33355,-3.479082
33367,-3.142983
33542,-2.988559
33550,-2.525287
33561,-2.72513
33572,-2.570706
33584,-1.153638
33595,-0.9356278
33607,-2.588873
33618,-2.906805
33630,-2.634292
33641,-2.09835
33706,-2.034764
33710,-0.9810467
33721,-1.062801
33732,-2.94314
33744,-2.507119
33755,-2.72513
33767,-3.288323
33778,-3.533585
33790,-2.607041
33801,-2.779632
33865,-3.115731
33870,-2.507119
33881,-3.043061
33892,-2.788716
33904,-2.479868
33915,-2.016596
33927,-1.889423
33938,-1.580575
33950,-2.280025
33961,-2.87047
34024,-2.225523
34030,-2.734213
34041,-2.788716
34052,-2.352695
34064,-2.734213
34075,-2.370863
34087,-2.507119
34098,-2.661543
34110,-2.788716
34121,-2.134685
34186,-3.061229
34190,-3.615339
34201,-2.416282
34213,-2.261858
34224,-2.334528
34235,-3.460915
34247,-4.12403
34258,-3.406412
34270,-3.469998
34281,-2.688795
34346,-2.498035
34350,-2.289109
34361,-2.062015
34373,-1.61691
34384,-2.089266
34395,-2.806884
34407,-2.743297
34418,-2.334528
34430,-1.998428
34441,-1.771334
34549,-1.780418
34555,-0.8175389
34567,-1.907591
34578,-1.453403
34590,-2.125601
34601,-2.525287
34613,-3.115731
34624,-3.506334
34635,-2.834135
34647,-1.916675
34693,-3.242904
34704,-3.08848
34715,-3.23382
34728,-2.616124
34738,-3.043061
34750,-3.315574
34761,-2.915889
34773,-2.879554
34784,-2.116517
34795,-2.852302
34841,-2.588873
34853,-3.052145
34864,-3.23382
34875,-2.543454
34887,-2.207355
34898,-2.343611
34910,-3.370077
34921,-2.216439
34933,-2.143769
34944,-2.988559
34996,-1.971177
35001,-2.252774
35013,-2.261858
35024,-1.453403
35036,-2.09835
35047,-3.942354
35058,-3.506334
35070,-3.01581
35081,-2.4617
35093,-1.362565
35146,-1.535156
35150,-1.962093
35161,-2.470784
35173,-2.334528
35184,-2.534371
35196,-2.352695
35207,-2.31636
35218,-2.38903
35230,-2.961308
35241,-2.307276
35288,-2.825051
35298,-2.24369
35316,-2.02568
35321,-2.289109
35333,-2.852302
35344,-3.71526
35356,-3.297407
35367,-2.997643
35378,-2.970391
35390,-2.125601
35444,-1.898507
35447,-2.38903
35458,-3.915103
35470,-3.460915
35481,-1.88034
35493,-2.370863
35504,-2.65246
35516,-2.062015
35527,-1.54424
35538,-1.308062
35704,-3.224737
35710,-2.616124
35721,-3.124815
35733,-3.106648
35744,-3.279239
35756,-2.234606
35767,-1.635078
35778,-1.980261
35790,-2.062015
35801,-2.134685
35857,-3.261072
35859,-3.896935
35870,-3.797014
35881,-3.23382
35893,-2.743297
35904,-2.779632
35916,-2.216439
35927,-2.234606
35939,-3.079396
35950,-2.488952
36007,-2.107434
36018,-2.361779
36030,-3.061229
36042,-3.896935
36053,-2.570706
36064,-2.398114
36076,-2.325444
36087,-2.934056
36099,-3.533585
36110,-2.416282
36168,-2.94314
36179,-3.433663
36190,-3.006727
36201,-2.016596
36213,-2.016596
36224,-2.861386
36236,-2.161936
36247,-1.925758
36259,-1.535156
36270,-1.226308
36326,-2.679711
36339,-3.542669
36350,-4.078611
36361,-3.124815
36373,-1.998428
36384,-2.352695
36396,-2.752381
36407,-3.242904
36419,-3.306491
36430,-2.152853
36486,-1.889423
36487,-2.507119
36499,-2.924973
36510,-2.979475
36521,-1.88034
36533,-1.753167
36544,-2.17102
36556,-3.033978
36567,-2.843219
36579,-1.653245
36632,-2.407198
36636,-3.01581
36647,-3.197485
36659,-2.915889
36670,-1.716832
36681,-1.916675
36693,-3.669841
36704,-3.16115
36716,-2.834135
36727,-2.370863
36783,-3.08848
36796,-3.23382
36807,-2.961308
36819,-2.716046
36830,-2.825051
36842,-3.397328
36853,-2.697878
36864,-3.306491
36876,-2.452617
36887,-1.090052
36947,-1.871256
36956,-2.280025
36967,-2.452617
36979,-2.143769
36990,-1.208141
37002,-2.516203
37013,-2.043847
37024,-2.779632
37036,-2.043847
37047,-1.762251
37105,-2.734213
37116,-3.56992
37127,-3.188402
37139,-2.834135
37150,-2.897721
37162,-3.23382
37173,-2.988559
37184,-2.915889
37196,-2.270941
37207,-2.180104
37267,-1.989345
37280,-1.607826
37287,-2.470784
37299,-3.024894
37310,-2.643376
37322,-2.334528
37333,-2.089266
37344,-2.897721
37356,-2.7978
37367,-4.114946
37427,-3.733428
37436,-3.333742
37447,-2.716046
37459,-2.016596
37470,-1.625994
37482,-2.352695
37493,-2.407198
37504,-3.215653
37516,-2.579789
37527,-2.661543
37591,-3.006727
37596,-2.398114
37607,-2.361779
37619,-2.579789
37630,-2.452617
37642,-2.234606
37653,-3.024894
37664,-2.252774
37676,-2.543454
37687,-2.87047
37861,-2.434449
37870,-1.807669
37882,-2.325444
37893,-2.24369
37904,-1.998428
37916,-2.670627
37927,-2.87047
37939,-3.097564
37950,-1.598743
37969,-1.553324
38028,-2.65246
38030,-2.280025
38042,-2.207355
38053,-2.534371
38064,-2.034764
38076,-2.579789
38087,-2.552538
38099,-2.161936
38110,-2.588873
38122,-2.089266
38187,-2.579789
38190,-1.980261
38202,-2.416282
38213,-3.506334
38225,-2.979475
38236,-2.734213
38247,-2.997643
38259,-1.871256
38270,-1.925758
38282,-2.634292
38350,-2.507119
38362,-1.971177
38373,-1.725915
38384,-2.961308
38396,-2.897721
38407,-2.479868
38419,-2.02568
38430,-3.224737
38442,-3.215653
38453,-2.634292
38520,-2.525287
38522,-2.734213
38533,-2.38903
38545,-1.762251
38556,-2.17102
38567,-3.23382
38579,-3.379161
38590,-3.106648
38602,-2.289109
38613,-2.643376
38731,-3.560836
38739,-3.460915
38750,-2.561622
38762,-2.31636
38773,-1.553324
38785,-1.734999
38796,-1.680497
38807,-1.780418
38819,-2.516203
38830,-3.669841
38877,-3.279239
38887,-2.87047
38899,-3.043061
38910,-1.725915
38922,-1.943926
38933,-1.61691
38945,-1.32623
38956,-2.407198
38967,-2.607041
38979,-3.188402
39026,-4.00594
39036,-3.16115
39047,-1.426151
39059,-1.844004
39070,-1.816753
39082,-2.261858
39093,-2.825051
39105,-2.843219
39116,-2.643376
39127,-2.116517
39181,-2.7978
39185,-1.925758
39196,-2.906805
39207,-3.024894
39219,-2.815967
39230,-2.806884
39242,-1.898507
39253,-2.479868
39270,-3.342826
39276,-2.861386
39327,-2.843219
39333,-2.498035
39345,-2.561622
39356,-2.979475
39367,-3.261072
39379,-2.252774
39390,-2.825051
39402,-2.38903
39413,-2.516203
39425,-2.716046
39475,-2.488952
39482,-2.72513
39493,-2.525287
39505,-1.571491
39516,-1.208141
39528,-1.498821
39539,-2.852302
39550,-2.507119
39562,-3.651674
39573,-2.94314
39627,-3.333742
39630,-3.733428
39642,-3.251988
39653,-2.298193
39665,-2.597957
39676,-2.4617
39688,-2.443533
39699,-2.897721
39710,-2.706962
39722,-2.65246
39775,-1.998428
39779,-1.807669
39790,-2.307276
39802,-3.533585
39813,-3.342826
39825,-2.488952
39836,-1.653245
39848,-3.070313
39859,-3.224737
39872,-2.452617
40039,-2.352695
40042,-2.779632
40053,-4.042276
40065,-2.852302
40076,-3.033978
40088,-2.688795
40099,-3.043061
40110,-3.279239
40122,-2.180104
40133,-2.134685
40184,-2.298193
40190,-3.660758
40202,-3.506334
40213,-2.24369
40225,-2.788716
40236,-2.888638
40248,-2.743297
40259,-3.542669
40270,-2.934056
40282,-2.588873
40339,-2.252774
40350,-2.634292
40362,-1.989345
40373,-2.125601
40385,-2.407198
40396,-2.906805
40407,-2.180104
40419,-2.080182
40430,-1.753167
40442,-2.607041
40497,-2.579789
40499,-1.61691
40510,-1.907591
40522,-2.679711
40533,-2.843219
40545,-2.743297
40556,-3.742512
40568,-3.188402
40579,-2.261858
40593,-1.943926
40648,-2.852302
40659,-2.425365
40670,-1.080968
40682,-2.38903
40693,-2.752381
40705,-2.479868
40716,-3.070313
40728,-2.825051
40739,-3.678925
40750,-3.170234
40807,-2.434449
40819,-3.070313
40830,-2.752381
40842,-3.324658
40853,-3.279239
40865,-2.770549
40876,-2.17102
40888,-2.052931
40899,-2.961308
40910,-3.070313
40971,-3.115731
40979,-2.379946
40990,-2.298193
41002,-2.815967
41013,-3.342826
41025,-2.416282
41036,-2.134685
41048,-2.370863
41059,-2.352695
41071,-1.716832
41129,-3.42458
41139,-2.770549
41150,-2.806884
41162,-2.4617
41173,-2.334528
41185,-3.188402
41196,-2.443533
41212,-1.971177
41219,-1.816753
41231,-2.198271
41287,-3.197485
41299,-2.534371
41310,-2.924973
41322,-3.515417
41333,-3.93327
41345,-3.16115
41356,-2.261858
41368,-2.352695
41379,-2.734213
41390,-3.106648
41453,-2.4617
41459,-3.842433
41470,-3.506334
41482,-2.616124
41493,-3.451831
41505,-3.906019
41516,-3.960522
41528,-2.825051
41539,-2.307276
41551,-2.4617
41610,-3.170234
41619,-3.152067
41630,-2.988559
41642,-3.01581
41653,-3.406412
41665,-2.961308
41676,-2.034764
41688,-2.534371
41699,-2.806884
41710,-2.661543
41776,-3.333742
41779,-3.251988
41791,-3.64259
41802,-2.779632
41813,-1.971177
41825,-1.562408
41836,-2.4617
41848,-3.242904
41859,-3.742512
41871,-3.279239
41940,-2.815967
41951,-3.106648
41962,-2.052931
41973,-1.716832
41985,-2.161936
41996,-1.95301
42008,-2.180104
42019,-3.251988
42031,-3.279239
42042,-2.161936
42220,-2.370863
42225,-2.207355
42236,-2.661543
42248,-2.479868
42259,-1.862172
42271,-1.662329
42282,-1.816753
42293,-2.997643
42305,-3.033978
42316,-3.052145
42378,-1.353481
42385,-2.407198
42396,-2.7978
42408,-1.998428
42419,-2.007512
42431,-2.834135
42442,-1.607826
42453,-1.88034
42465,-2.952224
42476,-2.525287
42542,-2.434449
42545,-3.969605
42556,-3.815182
42568,-2.688795
42579,-1.725915
42591,-1.844004
42602,-2.370863
42615,-1.825837
42625,-1.226308
42636,-2.161936
42698,-4.396543
42705,-3.179318
42716,-2.843219
42728,-2.379946
42739,-3.351909
42751,-2.488952
42762,-2.225523
42773,-3.024894
42785,-2.752381
42796,-2.507119
42861,-3.23382
42865,-3.469998
42876,-2.570706
42888,-2.72513
42899,-2.207355
42911,-3.215653
42922,-3.479082
42933,-3.360993
42945,-2.734213
42956,-2.65246
43060,-2.052931
43071,-3.043061
43082,-3.551752
43093,-2.834135
43105,-2.379946
43116,-3.061229
43128,-2.534371
43139,-1.980261
43151,-1.971177
43162,-1.934842
43213,-2.634292
43219,-2.525287
43231,-2.834135
43242,-2.116517
43253,-3.01581
43265,-3.588087
43276,-3.024894
43288,-2.516203
43299,-3.006727
43311,-3.106648
43359,-1.816753
43368,-2.071099
43379,-2.525287
43391,-3.524501
43402,-3.270156
43414,-2.552538
43425,-2.007512
43436,-1.571491
43448,-3.388245
43459,-2.234606
43507,-1.435235
43516,-1.580575
43528,-1.535156
43539,-1.725915
43551,-2.080182
43562,-2.697878
43574,-3.224737
43585,-2.72513
43596,-2.906805
43608,-3.079396
43661,-3.869684
43665,-4.478296
43676,-3.615339
43688,-2.407198
43699,-2.261858
43711,-2.779632
43722,-2.934056
43734,-2.289109
43745,-2.034764
43756,-2.543454
43809,-2.825051
43814,-3.152067
43825,-2.498035
43836,-2.334528
43848,-2.4617
43859,-1.698664
43871,-2.961308
43882,-2.488952
43894,-3.270156
43905,-2.815967
43957,-2.915889
43962,-3.070313
43974,-2.734213
43985,-1.707748
43996,-2.861386
44008,-2.970391
44019,-3.279239
44031,-3.524501
44042,-3.597171
44054,-3.106648
44108,-2.198271
44111,-2.089266
44122,-2.761465
44134,-2.761465
44145,-2.034764
44156,-3.333742
44168,-2.961308
44179,-2.379946
44191,-2.788716
44202,-2.552538
44372,-2.87047
44374,-3.915103
44385,-3.297407
44396,-2.488952
44408,-2.761465
44419,-3.106648
44431,-2.970391
44442,-2.261858
44454,-2.879554
44465,-2.997643
44521,-2.525287
44522,-2.952224
44534,-3.16115
44545,-2.216439
44556,-2.02568
44568,-2.543454
44579,-1.25356
44591,-2.280025
44606,-2.161936
44614,-1.61691
44674,-2.72513
44682,-1.362565
44694,-1.362565
44705,-1.825837
44716,-2.770549
44728,-3.288323
44739,-2.94314
44751,-2.570706
44762,-2.425365
44774,-2.888638
44833,-2.688795
44842,-2.334528
44854,-3.01581
44865,-2.298193
44876,-2.252774
44888,-2.934056
44899,-2.252774
44911,-2.17102
44922,-2.688795
44934,-3.179318
44988,-1.862172
44991,-2.934056
45002,-3.669841
45014,-3.043061
45025,-1.862172
45036,-2.407198
45048,-3.124815
45059,-3.052145
45071,-3.488166
45082,-2.897721
45138,-3.560836
45139,-3.660758
45151,-3.469998
45162,-2.361779
45174,-1.925758
45185,-3.206569
45197,-3.388245
45208,-2.125601
45219,-2.743297
45231,-2.952224
45287,-2.507119
45299,-2.770549
45311,-2.834135
45322,-2.38903
45334,-2.398114
45345,-3.360993
45357,-2.915889
45368,-2.479868
45379,-2.961308
45391,-1.753167
45448,-2.016596
45459,-1.925758
45471,-2.434449
45482,-3.206569
45494,-2.643376
45505,-1.734999
45516,-1.88034
45528,-3.006727
45539,-3.451831
45551,-2.779632
45613,-3.442747
45619,-3.342826
45631,-3.697093
45642,-3.651674
45654,-3.133899
45665,-1.971177
45676,-2.688795
45688,-3.49725
45699,-2.180104
45711,-2.761465
45769,-3.815182
45779,-3.397328
45791,-3.306491
45802,-4.05136
45814,-3.061229
45825,-2.588873
45837,-2.87047
45853,-2.906805
45859,-3.370077
45871,-3.23382
45927,-2.834135
45928,-2.280025
45939,-3.197485
45951,-3.170234
45962,-2.071099
45974,-2.034764
45985,-3.08848
45996,-2.225523
46008,-2.370863
46019,-2.180104
46078,-2.525287
46088,-2.352695
46099,-2.470784
46111,-2.080182
46122,-2.534371
46134,-2.761465
46145,-3.043061
46157,-3.742512
46168,-4.34204
46179,-4.260286
46247,-3.070313
46248,-2.552538
46259,-2.7978
46271,-2.815967
46282,-2.034764
46294,-2.062015
46305,-3.288323
46317,-3.206569
46328,-2.888638
46339,-2.525287
46516,-3.515417
46522,-2.915889
46534,-1.217225
46545,-1.308062
46557,-2.398114
46568,-2.734213
46579,-2.289109
46591,-3.006727
46604,-2.543454
46614,-2.625208
46678,-2.706962
46682,-3.370077
46694,-3.188402
46705,-2.161936
46717,-2.116517
46728,-2.634292
46739,-2.379946
46751,-2.370863
46762,-2.325444
46774,-2.72513
46838,2.534371
46842,-0.2634292
46854,-3.706176
46865,4.369291
46877,5.74094
46888,15.21531
46899,28.45944
46911,19.92978
46922,-10.86418
46934,10.43725
46998,49.70636
47002,111.8393
47014,286.4656
47025,383.998
47037,498.6806
47048,702.0751
47059,886.3848
47071,1124.18
47082,1489.029
47094,1876.688
47158,2260.431
47162,2166.996
47174,2506.665
47185,2605.715
47197,2539.63
47208,2679.202
47219,2868.753
47231,2814.169
47242,2745.296
47259,2976.478
47365,3303.629
47368,3430.657
47379,3433.772
47391,3406.921
47402,3534.166
47414,3598.543
47425,3581.711
47437,3610.125
47448,3630.336
47459,3628.728
47510,3717.186
47517,3746.227
47528,3766.22
47539,3749.469
47551,3735.544
47562,3789.284
47574,3770.834
47585,3812.611
47597,3800.475
47608,3772.579
47658,3843.314
47665,3836.147
47677,3838.763
47688,3867.658
47699,3908.953
47711,3927.593
47722,3904.257
47734,3947.459
47745,3971.095
47757,3989.526
47804,4012.445
47814,4044.819
47825,4061.997
47837,4093.726
47848,4089.548
47859,4131.742
47871,4110.676
47882,4084.452
47894,4107.17
47905,4104.59
47965,4180.712
47974,4232.699
47985,4214.577
47997,4264.41
48008,4274.539
48020,4243.518
48031,4247.696
48042,4246.888
48054,4303.416
48065,4305.378
48116,4370.299
48122,4354.675
48134,4369.673
48145,4371.599
48157,4383.916
48168,4389.82
48179,4364.75
48191,4378.529
48202,4377.63
48214,4412.83
48265,4643.594
48271,4573.849
48282,4461.283
48294,4457.031
48305,4458.939
48317,4432.723
48328,4470.312
48339,4442.725
48351,4436.338
48362,4443.542
48415,4428.472
48420,4432.169
48431,4400.067
48442,4318.794
48454,4244.063
48465,4187.425
48477,4082.099
48488,3926.294
48499,3807.006
48511,3634.742
48676,30.93931
48686,10.60075
48694,13.74374
48705,5.40484
48717,5.986201
48728,5.304919
48740,5.350338
48751,-4.278453
48762,-8.211724
48774,1.671413
48828,1.208141
48831,1.598743
48842,-1.444319
48854,2.107434
48865,-0.1453403
48877,-1.625994
48888,1.507905
48900,-1.943926
48911,1.044633
48922,3.043061
48975,0.5631934
48980,-1.88034
48991,-2.443533
49002,0.308848
49014,-0.3451831
49025,1.807669
49037,0.77212
49048,1.317146
49060,-0.2452617
49071,-0.1998428
49126,-0.463272
49128,0.8175389
49140,1.380732
49151,1.25356
49162,1.389816
49174,1.516989
49185,0.7993713
49197,-0.3270155
49208,-0.463272
49220,-0.1090052
49275,0.5904448
49277,0.735785
49288,-0.8357064
49300,0.2815967
49311,-0.7539526
49322,0.1725916
49334,1.289895
49345,1.889423
49357,1.235392
49368,0.6721987
49424,-0.9992143
49437,0.2815967
49448,0.2543454
49460,0.6812824
49471,0.9901304
49482,0.5904448
49494,0.2815967
49505,-0.426937
49517,-1.062801
49528,-0.8175389
49585,0.9901304
49597,-0.735785
49608,-1.017382
49620,-1.117303
49631,-0.8447903
49642,0.08175388
49654,0.5904448
49665,0.3542669
49677,0.7993713
49688,-0.04541883
49745,-0.7176175
49757,-0.5541097
49768,-0.6540311
49780,-0.2180104
49791,0.1271727
49802,-0.463272
49814,-0.2089266
49825,0.04541883
49837,-0.9083766
49848,0.09083766
49913,-0.1816753
49917,-0.2089266
49928,0.154424
49940,0.2089266
49951,0.09083766
49962,-0.01816753
49974,0.2270941
49985,0.0
49997,0.1271727
50008,-0.8629578
50071,1.099136
50077,0.853874
50088,0.5086909
50100,0.2997643
50111,-0.07267013
50122,0.8357064
50134,0.4723558
50145,-0.6086123
50157,0.06358636
50168,0.7812038
50228,-0.2270941
50237,-0.07267013
50248,-0.3270155
50260,-0.3815182
50271,-0.3815182
50282,-0.2361779
50294,0.5541097
50305,0.1816753
50317,0.04541883
50328,0.5995286
50390,-1.32623
50397,-0.6449473
50408,-0.9265441
50420,-0.2270941
50431,-1.144554
50442,-0.7085337
50454,0.463272
50465,0.8084551
50477,0.1362565
50492,0.05450259
50556,-0.2180104
50568,0.009083766
50580,-0.0272513
50591,0.6721987
50602,0.3270155
50614,-0.3451831
50625,-0.6903662
50637,-0.4541883
50648,-0.3724344
50660,0.1453403
50833,-0.3179318
50842,-0.5631934
50854,-0.4087695
50865,-1.916675
50877,-1.526073
50888,0.5450259
50900,0.3633506
50911,0.272513
50922,0.6358636
50934,0.272513
50996,-0.154424
51003,0.7448688
51014,0.8084551
51025,-0.6903662
51037,-0.7448688
51048,-0.07267013
51060,0.5450259
51071,0.8629578
51083,0.2906805
51094,-0.5631934
51154,0.1725916
51163,-0.4451045
51174,0.06358636
51185,-0.1453403
51197,-0.5359422
51208,0.08175388
51220,0.4087695
51231,0.2180104
51243,0.3633506
51254,-1.099136
51323,0.6086123
51334,0.04541883
51345,-0.6631149
51357,-0.7539526
51368,-0.4814395
51380,-1.126387
51391,-0.9356278
51402,0.1362565
51414,0.6267798
51425,0.2361779
51490,0.77212
51494,0.03633506
51505,0.3996857
51517,0.6631149
51528,0.06358636
51540,-0.69945
51551,-0.03633506
51562,-0.7630363
51574,-0.4541883
51585,-0.2361779
51692,-0.4996071
51700,-1.153638
51711,0.1453403
51723,-0.5541097
51734,-0.3633506
51745,0.07267013
51757,-0.3451831
51768,-0.5086909
51780,-0.3633506
51791,0.8447903
51837,0.6449473
51848,0.3633506
51860,-0.3542669
51871,0.1271727
51883,0.1453403
51894,1.135471
51905,0.4360208
51921,-1.371649
51928,-0.3179318
51940,-0.05450259
51987,0.1180889
51997,0.1725916
52008,-0.4178532
52020,-0.09992142
52031,-0.05450259
52043,0.1635078
52054,0.1271727
52065,0.09083766
52077,-0.3270155
52088,0.04541883
52139,-0.7902876
52145,-1.344397
52157,-0.3360993
52168,-0.2270941
52180,-1.153638
52191,-0.8175389
52203,-0.617696
52214,-0.2634292
52225,0.03633506
52237,-0.308848
52285,-0.9447116
52294,-0.308848
52305,-0.6631149
52317,-0.5268584
52328,0.9174603
52340,-0.3270155
52351,-0.1635078
52363,-0.3633506
52374,-0.2634292
52385,0.2543454
52439,-0.9174603
52442,-1.026466
52454,-0.6540311
52465,-0.8992928
52477,-0.1816753
52488,0.2180104
52500,-0.09992142
52513,0.1090052
52523,0.5995286
52534,0.3270155
52587,-0.1453403
52591,0.0
52603,0.8266227
52614,1.135471
52625,0.2543454
52637,-0.1453403
52648,-0.5904448
52660,-0.2634292
52671,-0.4905233
52682,-1.68958
52734,-0.1725916
52740,-0.009083766
52751,0.4723558
52763,-0.2634292
52774,-0.2452617
52785,-0.4178532
52797,-1.071884
52808,-1.044633
52820,0.07267013
52831,0.3360993
52999,1.153638
53003,0.9719629
53014,0.09992142
53025,0.6267798
53037,0.4360208
53048,0.9628791
53060,0.6267798
53071,0.0
53082,0.0
53094,0.1362565
53147,-0.1362565
53151,0.5631934
53162,0.3270155
53174,0.2452617
53185,0.3633506
53197,0.2543454
53208,0.4178532
53220,-0.2543454
53234,-1.32623
53243,-0.3815182
53297,-0.2270941
53300,-0.3270155
53311,-0.308848
53323,-0.6903662
53334,-1.32623
53345,0.1090052
53357,0.272513
53368,-0.5450259
53380,-0.735785
53391,-0.3179318
53443,-0.3451831
53448,-0.06358636
53460,-0.3815182
53471,-0.3724344
53483,0.009083766
53494,-0.1453403
53505,0.1998428
53517,-0.5268584
53528,-1.053717
53540,0.2906805
53597,-0.9810467
53608,0.1180889
53620,1.017382
53631,-0.4451045
53643,-0.1453403
53654,0.4723558
53665,0.5995286
53677,0.8629578
53688,0.4541883
53700,0.4996071
53755,-0.308848
53757,-0.426937
53768,-0.6721987
53780,-0.4814395
53791,0.272513
53803,0.5177746
53814,-0.2089266
53825,-1.289895
53837,-0.4905233
53848,-0.1907591
53905,0.2815967
53917,-1.008298
53928,-0.7993713
53940,-0.5359422
53951,-0.7448688
53963,-1.734999
53974,-1.317146
53985,0.2815967
53997,0.08175388
54008,0.1635078
54068,-1.180889
54077,-0.6631149
54088,0.2180104
54100,0.8175389
54111,-0.2452617
54123,-0.7630363
54134,-0.426937
54145,0.6086123
54157,1.271727
54168,0.5086909
54230,-0.04541883
54237,-0.2089266
54248,-0.3270155
54260,-0.7539526
54271,-0.8447903
54283,-0.3815182
54294,-0.5268584
54305,-1.035549
54317,-0.5177746
54328,-0.5631934
54391,-0.7267013
54397,-0.2815967
54408,-0.8266227
54420,-0.3360993
54431,-0.9265441
54443,-1.671413
54454,-1.444319
54465,-1.153638
54479,0.4451045
54488,0.03633506
54550,-0.9537953
54557,0.09992142
54568,0.07267013
54580,-0.1453403
54591,0.581361
54602,0.1362565
54614,-1.707748
54625,-1.162722
54637,0.2452617
54648,0.1907591
54710,0.1180889
54717,-0.5268584
54728,-0.2452617
54740,-0.1998428
54751,0.7902876
54763,0.3179318
54774,-0.08175388
54785,0.3270155
54797,-0.4996071
54808,-0.2543454
54870,-0.1180889
54877,0.09992142
54888,-0.2634292
54900,0.01816753
54911,-0.5450259
54922,-0.3360993
54934,-0.5450259
54945,-0.3724344
54957,-0.3996857
54968,-1.008298
55142,-0.8629578
55151,-0.1180889
55162,-1.017382
55174,-0.9719629
55185,-0.7993713
55197,-0.617696
55208,-1.389816
55220,-1.044633
55231,-0.581361
55243,-1.117303
55306,-1.480654
55311,-1.25356
55322,-1.099136
55334,-1.280811
55345,-2.016596
55357,-1.562408
55368,-1.053717
55380,-1.3989
55391,-1.562408
55402,-1.571491
55470,-1.062801
55471,-0.6903662
55482,0.4996071
55494,-1.017382
55505,-1.816753
55517,-2.398114
55528,-2.016596
55540,-1.707748
55551,-1.498821
55562,-1.298978
55628,-2.343611
55631,-2.697878
55642,-2.02568
55654,-1.934842
55665,-3.033978
55677,-3.315574
55688,-2.579789
55700,-2.961308
55711,-2.961308
55722,-2.852302
55824,-0.6449473
55826,-0.2361779
55837,-0.9083766
55848,-2.779632
55860,-2.134685
55871,-1.780418
55882,-2.425365
55894,-3.706176
55905,-3.16115
55921,-3.71526
55969,-2.161936
55974,-1.635078
55985,0.1635078
55997,-0.308848
56008,1.026466
56020,2.080182
56031,2.861386
56042,2.534371
56054,2.307276
56065,2.38903
